uuid,path
4c41ad31-03a0-4cf4-909e-5aebae0ab19b,../../download_imgs/sample_output/all/1_50/4c41ad31-03a0-4cf4-909e-5aebae0ab19b.jpeg
4edd9d71-6c73-43b0-8367-ec360c3408a1,../../download_imgs/sample_output/all/1_50/4edd9d71-6c73-43b0-8367-ec360c3408a1.jpeg
115e3ec7-c52d-4ceb-a567-e333ce47e0c9,../../download_imgs/sample_output/all/1_50/115e3ec7-c52d-4ceb-a567-e333ce47e0c9.jpeg
c23b33d4-1b36-43a3-a166-de1386013b4a,../../download_imgs/sample_output/all/1_50/c23b33d4-1b36-43a3-a166-de1386013b4a.jpeg
15a8dff1-8f72-4af3-b9b5-9b8c9af83104,../../download_imgs/sample_output/all/1_50/15a8dff1-8f72-4af3-b9b5-9b8c9af83104.jpeg
b3c761e6-98b1-443a-b60f-6c49792fbbed,../../download_imgs/sample_output/all/1_50/b3c761e6-98b1-443a-b60f-6c49792fbbed.jpeg
fb585bb8-aaa5-416b-880f-bd811ee85a09,../../download_imgs/sample_output/all/1_50/fb585bb8-aaa5-416b-880f-bd811ee85a09.jpeg
66f1dc4b-efff-4149-8a24-b230d5f949e6,../../download_imgs/sample_output/all/1_50/66f1dc4b-efff-4149-8a24-b230d5f949e6.jpeg
feb31f70-8974-455d-91a9-467239747081,../../download_imgs/sample_output/all/1_50/feb31f70-8974-455d-91a9-467239747081.jpeg
7603a0e5-fae1-4bff-8273-b85837cfbcf6,../../download_imgs/sample_output/all/1_50/7603a0e5-fae1-4bff-8273-b85837cfbcf6.jpeg
e9a5ff7f-5f30-42ac-8371-299ec99bf40d,../../download_imgs/sample_output/all/1_50/e9a5ff7f-5f30-42ac-8371-299ec99bf40d.jpeg
973c2c32-55bb-4c51-af39-23493679d26f,../../download_imgs/sample_output/all/1_50/973c2c32-55bb-4c51-af39-23493679d26f.jpeg
4099bc32-1539-417f-abb7-f0e11fb4f543,../../download_imgs/sample_output/all/1_50/4099bc32-1539-417f-abb7-f0e11fb4f543.jpeg
b46907dc-5c7a-4851-958f-96f71da9d6e8,../../download_imgs/sample_output/all/1_50/b46907dc-5c7a-4851-958f-96f71da9d6e8.jpeg
cbe01574-c449-41cd-adbf-7f0baafdc13e,../../download_imgs/sample_output/all/1_50/cbe01574-c449-41cd-adbf-7f0baafdc13e.jpeg
da99fd9c-8a91-4259-8018-ca6a5998026d,../../download_imgs/sample_output/all/1_50/da99fd9c-8a91-4259-8018-ca6a5998026d.jpeg
14eaed40-1030-48cf-b8e4-9141bccd2013,../../download_imgs/sample_output/all/1_50/14eaed40-1030-48cf-b8e4-9141bccd2013.jpeg
4dc15fca-906b-407a-a377-5331b0230b59,../../download_imgs/sample_output/all/1_50/4dc15fca-906b-407a-a377-5331b0230b59.jpeg
58ba4f53-acb2-413c-9ca3-afe856278ab1,../../download_imgs/sample_output/all/1_50/58ba4f53-acb2-413c-9ca3-afe856278ab1.jpeg
d11815fb-a336-49ce-a509-06f16c758708,../../download_imgs/sample_output/all/1_50/d11815fb-a336-49ce-a509-06f16c758708.jpeg
addbd0d7-fdde-465b-864c-51e342bfa25d,../../download_imgs/sample_output/all/1_50/addbd0d7-fdde-465b-864c-51e342bfa25d.jpeg
f4f596fb-66e3-4fa1-bc82-15ed7eb73343,../../download_imgs/sample_output/all/1_50/f4f596fb-66e3-4fa1-bc82-15ed7eb73343.jpeg
ae62555a-4b80-40c7-adbf-90265464a977,../../download_imgs/sample_output/all/1_50/ae62555a-4b80-40c7-adbf-90265464a977.jpeg
0fa8532f-156c-42db-8696-2e104fa5088c,../../download_imgs/sample_output/all/1_50/0fa8532f-156c-42db-8696-2e104fa5088c.jpeg
6ca0dcdc-6886-4297-99d4-0c326b1afef6,../../download_imgs/sample_output/all/1_50/6ca0dcdc-6886-4297-99d4-0c326b1afef6.jpeg
9f214df3-3d50-45bd-a43d-88cabd611e9a,../../download_imgs/sample_output/all/1_50/9f214df3-3d50-45bd-a43d-88cabd611e9a.jpeg
1131442f-f67f-4d16-b1f5-87439fc56ebf,../../download_imgs/sample_output/all/1_50/1131442f-f67f-4d16-b1f5-87439fc56ebf.jpeg
db522a34-579f-41d6-a812-ed3df30e36eb,../../download_imgs/sample_output/all/1_50/db522a34-579f-41d6-a812-ed3df30e36eb.jpeg
92b6aa0a-ee12-45eb-8d7d-56c32f5de619,../../download_imgs/sample_output/all/1_50/92b6aa0a-ee12-45eb-8d7d-56c32f5de619.jpeg
06129dab-7e25-4900-bc50-3afc5cafa321,../../download_imgs/sample_output/all/1_50/06129dab-7e25-4900-bc50-3afc5cafa321.jpeg
83d8e112-62c2-4546-aed2-23493c23bec9,../../download_imgs/sample_output/all/1_50/83d8e112-62c2-4546-aed2-23493c23bec9.jpeg
1b091d15-4637-4306-aff7-0312b89d4a93,../../download_imgs/sample_output/all/1_50/1b091d15-4637-4306-aff7-0312b89d4a93.jpeg
a1c98422-2277-4185-be5c-53485f5a9e68,../../download_imgs/sample_output/all/1_50/a1c98422-2277-4185-be5c-53485f5a9e68.jpeg
ab6d4252-09d4-42d4-b479-1cef6d8676c6,../../download_imgs/sample_output/all/1_50/ab6d4252-09d4-42d4-b479-1cef6d8676c6.jpeg
c2fe0689-6484-469d-a5d4-13f37eebb7e6,../../download_imgs/sample_output/all/1_50/c2fe0689-6484-469d-a5d4-13f37eebb7e6.jpeg
0c021fda-e61c-49f0-83ed-5e47a0eb086b,../../download_imgs/sample_output/all/1_50/0c021fda-e61c-49f0-83ed-5e47a0eb086b.jpeg
5d14f52f-52e6-46e8-b5ce-d39bb6c9a268,../../download_imgs/sample_output/all/1_50/5d14f52f-52e6-46e8-b5ce-d39bb6c9a268.jpeg
cc775d66-2c72-491e-90a0-485a74e0d609,../../download_imgs/sample_output/all/1_50/cc775d66-2c72-491e-90a0-485a74e0d609.jpeg
f8dab6cd-67a7-4879-be7c-ca159cd51527,../../download_imgs/sample_output/all/1_50/f8dab6cd-67a7-4879-be7c-ca159cd51527.jpeg
9e1f0817-d7b4-4413-901a-644fd7de053e,../../download_imgs/sample_output/all/1_50/9e1f0817-d7b4-4413-901a-644fd7de053e.jpeg
53dce5fc-33db-426c-9494-89c2b1a985e9,../../download_imgs/sample_output/all/1_50/53dce5fc-33db-426c-9494-89c2b1a985e9.jpeg
e6e2cf2e-7cf8-47bf-b523-fc4eb7a45100,../../download_imgs/sample_output/all/1_50/e6e2cf2e-7cf8-47bf-b523-fc4eb7a45100.jpeg
a3ac8864-14d8-4e81-9262-05f64965cbf6,../../download_imgs/sample_output/all/1_50/a3ac8864-14d8-4e81-9262-05f64965cbf6.jpeg
53656426-69ad-4b5f-aeb7-c0b6578761e3,../../download_imgs/sample_output/all/1_50/53656426-69ad-4b5f-aeb7-c0b6578761e3.jpeg
23522a36-88ba-4873-a73b-9ec243e4e543,../../download_imgs/sample_output/all/1_50/23522a36-88ba-4873-a73b-9ec243e4e543.jpeg
ba67563d-de73-46b0-aedb-b2a11e16e6b6,../../download_imgs/sample_output/all/1_50/ba67563d-de73-46b0-aedb-b2a11e16e6b6.jpeg
ac9263d9-b0c6-417e-802f-9b5efe61cf98,../../download_imgs/sample_output/all/1_50/ac9263d9-b0c6-417e-802f-9b5efe61cf98.jpeg
3aed155d-78f4-433a-a495-e856409b6806,../../download_imgs/sample_output/all/1_50/3aed155d-78f4-433a-a495-e856409b6806.jpeg
a85bbd1a-efc2-4392-97db-6430b49c48f2,../../download_imgs/sample_output/all/1_50/a85bbd1a-efc2-4392-97db-6430b49c48f2.jpeg
41af8b42-9045-4bfe-9b9c-126f531ad0e2,../../download_imgs/sample_output/all/1_50/41af8b42-9045-4bfe-9b9c-126f531ad0e2.jpeg
